Source URL,Target URL
https://stratecon.tech,/
https://stratecon.tech/ai-solutions,/ai-solutions/
https://stratecon.tech/cybersecurity-solutions,/cybersecurity-solutions/
https://stratecon.tech/threat-protection,/threat-protection/
https://stratecon.tech/terms-of-service,/terms-of-service/
https://stratecon.tech/contact,/contact/
https://stratecon.tech/services,/services/
https://stratecon.tech/blog,/blog/
https://stratecon.tech/blog/f/supporting-hybrid-work-with-effective-collaboration-tools,/supporting-hybrid-work-with-effective-collaboration-tools/
https://stratecon.tech/connectivity,/connectivity/
https://stratecon.tech/ai-for-customer-service,/ai-for-customer-service/
https://stratecon.tech/ai-for-sales-1,/ai-for-sales-1/
https://stratecon.tech/blog/f/cybersecurity-compliance-for-smbs-what-you-need-to-know,/cybersecurity-compliance-for-smbs-what-you-need-to-know/
https://stratecon.tech/threat-id-%26-detection,/threat-id-%26-detection/
https://stratecon.tech/privacy-policy,/privacy-policy/
https://stratecon.tech/blog/f/leveraging-ai-to-optimize-your-marketing-strategies,/leveraging-ai-to-optimize-your-marketing-strategies/
https://stratecon.tech/about,/about/
https://stratecon.tech/blog/f/top-5-security-considerations-when-utilizing-generative-ai,/top-5-security-considerations-when-utilizing-generative-ai/
https://stratecon.tech/unified-communications,/unified-communications/
https://stratecon.tech/cyber-risk-assessment,/cyber-risk-assessment/
https://stratecon.tech/blog/f/leveraging-ai-for-enhanced-customer-service,/leveraging-ai-for-enhanced-customer-service/
https://stratecon.tech/blog/f/managing-communications-in-a-multi-generational-workforce,/managing-communications-in-a-multi-generational-workforce/
https://stratecon.tech/blog/f/building-a-cybersecurity-aware-culture-in-your-business,/building-a-cybersecurity-aware-culture-in-your-business/
https://stratecon.tech/blog/f/the-spider-mantm-dilemma-building-an-ai-strategy,/the-spider-mantm-dilemma-building-an-ai-strategy/
https://stratecon.tech/blog/f/cybersecurity-insurance-is-it-right-for-your-smb,/cybersecurity-insurance-is-it-right-for-your-smb/
https://stratecon.tech/blog/f/preventing-data-breaches-8-essential-strategies-for-smbs,/preventing-data-breaches-8-essential-strategies-for-smbs/
https://stratecon.tech/blog/f/the-importance-of-regular-cybersecurity-audits-for-smbs,/the-importance-of-regular-cybersecurity-audits-for-smbs/
https://stratecon.tech/risk-assessment-1,/risk-assessment-1/
https://stratecon.tech/customer-experience,/customer-experience/
https://stratecon.tech/blog/f/creating-and-testing-a-business-continuitydisaster-recovery-plan,/creating-and-testing-a-business-continuitydisaster-recovery-plan/
https://stratecon.tech/ai-strategy-1,/ai-strategy-1/
https://stratecon.tech/communications-solutions,/communications-solutions/
https://stratecon.tech/blog/f/ai-and-data-analytics-uncovering-business-insights-for-smbs,/ai-and-data-analytics-uncovering-business-insights-for-smbs/
https://stratecon.tech/ai-use-policy-template,/ai-use-policy-template/
https://stratecon.tech/blog/f/10-essential-cybersecurity-practices-for-smbs-in-2024,/10-essential-cybersecurity-practices-for-smbs-in-2024/
https://stratecon.tech/blog/f/how-ai-can-transform-your-small-to-medium-business,/how-ai-can-transform-your-small-to-medium-business/
https://stratecon.tech/ai-disclosure-template,/ai-disclosure-template/
https://stratecon.tech/contact-us,/contact/
